0,"(935.212, 1087.592)","(1259.129, 926.135)",0,True,11
1,"(1560.698, 1011.562)","(907.423, 1081.803)",1,True,15
4,"(970.142, 1245.195)","(1448.85, 825.247)",2,True,7
8,"(1442.33, 1262.062)","(901.791, 1097.993)",3,True,7
9,"(1349.314, 1013.652)","(1074.739, 1334.803)",4,True,13
17,"(1074.739, 1334.803)","(1302.192, 836.317)",5,True,4
18,"(1224.873, 1166.635)","(1440.809, 1276.609)",6,True,5
21,"(1117.055, 1345.54)","(1404.534, 1012.322)",7,True,3
28,"(1006.99, 863.754)","(1363.511, 1015.551)",8,True,18
29,"(1306.724, 1007.954)","(949.107, 901.364)",9,True,14
32,"(1448.85, 825.247)","(1400.808, 1106.08)",10,True,20
32,"(1361.485, 861.713)","(1380.992, 1345.114)",11,True,21
37,"(949.107, 901.364)","(1260.952, 883.744)",12,True,16
39,"(1316.952, 835.069)","(1388.684, 1221.312)",13,True,20
42,"(1278.33, 1004.156)","(1428.647, 1392.983)",14,True,15
52,"(1477.108, 1175.013)","(1433.208, 1349.342)",15,True,10
56,"(947.949, 869.328)","(969.37, 1215.733)",6,True,19
57,"(1249.936, 1000.357)","(1517.249, 1160.54)",16,True,15
64,"(949.686, 917.381)","(935.212, 1087.592)",17,True,15
71,"(1045.295, 1326.036)","(1378.108, 1391.54)",18,True,4
72,"(1169.352, 848.423)","(1304.002, 1382.856)",19,True,21
72,"(1404.534, 1012.322)","(1544.009, 1150.89)",20,True,12
75,"(1171.423, 998.434)","(1021.75, 862.36)",0,True,3
76,"(1030.573, 1321.653)","(1216.967, 1225.092)",3,True,7
88,"(942.318, 1157.817)","(1316.952, 835.069)",7,True,16
93,"(1319.345, 1186.448)","(1131.16, 1349.119)",2,True,14
95,"(1490.912, 1007.726)","(1171.423, 998.434)",5,True,10
99,"(1380.031, 1360.59)","(1050.722, 1119.112)",21,True,4
101,"(1463.453, 824.234)","(1127.568, 992.789)",22,True,20
101,"(1597.529, 1131.592)","(1513.804, 880.325)",23,True,13
101,"(1187.126, 998.819)","(890.529, 1130.373)",24,True,17
104,"(1381.954, 1329.639)","(930.195, 1287.715)",1,True,14
106,"(1560.864, 1287.712)","(935.212, 1087.592)",4,True,13
106,"(1402.476, 1227.863)","(1257.913, 954.396)",9,True,16
108,"(1335.117, 1011.753)","(876.09, 1171.885)",15,True,10
108,"(1470.852, 1395.997)","(1633.864, 1230.079)",25,True,5
112,"(1460.676, 1008.638)","(1224.873, 1166.635)",18,True,10
112,"(1036.51, 860.966)","(866.464, 1199.559)",26,True,18
113,"(1496.274, 1272.416)","(1006.99, 863.754)",27,True,9
121,"(1333.529, 1188.329)","(1391.052, 1165.091)",0,True,16
123,"(1443.85, 1247.515)","(968.984, 1201.002)",8,True,7
128,"(1108.772, 1134.953)","(1079.747, 1127.033)",3,True,4
130,"(1166.822, 1150.794)","(1565.302, 1026.566)",10,True,7
136,"(1263.812, 1177.261)","(1216.967, 1225.092)",12,True,13
137,"(1224.873, 1166.635)","(1390.266, 1195.855)",14,True,9
139,"(1220.951, 1181.007)","(1428.647, 1392.983)",16,True,7
139,"(1361.358, 846.519)","(971.686, 1304.119)",17,True,15
140,"(1570.769, 1141.241)","(1443.85, 1247.515)",20,True,1
143,"(1418.209, 1011.246)","(1320.92, 1009.853)",6,True,18
147,"(925.877, 1004.73)","(1503.232, 851.267)",3,True,6
148,"(1437.769, 1305.702)","(1583.718, 1086.581)",11,True,4
152,"(1278.33, 1004.156)","(1434.728, 1334.796)",5,True,2
153,"(1607.911, 1159.731)","(1074.739, 1334.803)",13,True,6
154,"(1361.232, 831.325)","(1257.913, 954.396)",21,True,17
157,"(1065.234, 1123.073)","(1361.612, 876.907)",25,True,15
158,"(935.212, 1087.592)","(1539.453, 1341.331)",28,True,11
159,"(945.44, 931.083)","(1391.445, 1149.71)",29,True,15
161,"(1503.232, 851.267)","(1557.389, 1146.066)",23,True,1
167,"(969.37, 1215.733)","(1249.936, 1000.357)",2,True,6
169,"(1234.992, 1316.277)","(971.686, 1304.119)",20,True,9
170,"(1592.925, 1116.588)","(1071.844, 1304.987)",30,True,13
171,"(1385.8, 1267.738)","(949.686, 917.381)",31,True,6
172,"(916.364, 1282.247)","(1316.952, 835.069)",32,True,7
173,"(1633.864, 1230.079)","(890.529, 1130.373)",18,True,11
175,"(1411.801, 1392.502)","(968.212, 1171.54)",33,True,4
175,"(1154.592, 849.817)","(1565.302, 1026.566)",34,True,21
178,"(1259.736, 912.005)","(1304.092, 880.814)",35,True,17
179,"(925.877, 1004.73)","(1079.747, 1127.033)",36,True,13
179,"(1394.954, 1392.021)","(1258.926, 854.622)",37,True,4
180,"(949.686, 917.381)","(1063.16, 1215.54)",0,True,15
180,"(856.838, 1227.234)","(1439.289, 1291.155)",14,True,15
184,"(1348.466, 1388.066)","(1063.16, 1215.54)",15,True,14
189,"(930.195, 1287.715)","(1050.722, 1119.112)",7,True,19
192,"(1390.266, 1195.855)","(1347.713, 1190.211)",1,True,15
193,"(1378.108, 1391.54)","(1228.546, 1271.119)",9,True,13
193,"(1243.153, 841.455)","(1333.645, 1386.33)",11,True,12
196,"(1348.466, 1388.066)","(1513.804, 880.325)",4,True,14
197,"(1292.527, 1006.055)","(1463.453, 824.234)",5,True,11
197,"(1333.529, 1188.329)","(901.791, 1097.993)",8,True,14
198,"(1236.265, 1301.803)","(1506.03, 1007.27)",10,True,14
200,"(1633.864, 1230.079)","(1332.852, 878.86)",12,True,12
201,"(1274.36, 1379.382)","(1496.274, 1272.416)",16,True,3
202,"(1381.954, 1329.639)","(896.16, 1114.183)",19,True,3
206,"(903.476, 1137.234)","(1051.27, 859.573)",22,True,8
207,"(1538.621, 1001.687)","(1201.686, 1367.014)",6,True,5
207,"(1050.722, 1119.112)","(1318.824, 1384.593)",23,True,12
209,"(1216.967, 1225.092)","(1363.511, 1015.551)",24,True,10
212,"(1394.954, 1392.021)","(1419.644, 827.273)",26,True,14
212,"(1402.476, 1227.863)","(1377.185, 1014.475)",27,True,18
213,"(880.903, 1158.047)","(1213.108, 1209.75)",38,True,11
216,"(1419.213, 1188.908)","(1259.539, 1377.645)",3,True,11
217,"(1569.906, 1041.57)","(1276.792, 1180.803)",39,True,15
217,"(1320.92, 1009.853)","(992.23, 865.147)",40,True,14
218,"(916.423, 1144.095)","(1068.949, 1275.171)",41,True,10
219,"(1331.712, 833.821)","(1276.792, 1180.803)",42,True,21
222,"(876.09, 1171.885)","(1346.472, 832.573)",20,True,5
223,"(1258.926, 854.622)","(1050.722, 1119.112)",43,True,19
223,"(971.686, 1304.119)","(1290.976, 1182.684)",44,True,6
224,"(1213.632, 844.242)","(1131.16, 1349.119)",45,True,20
224,"(1470.062, 1259.966)","(1404.534, 1012.322)",46,True,8
224,"(1074.739, 1334.803)","(1363.511, 1015.551)",47,True,4
225,"(1404.534, 1012.322)","(957.856, 1298.651)",21,True,5
226,"(874.873, 1265.844)","(1492.659, 822.208)",13,True,5
228,"(1304.092, 880.814)","(847.212, 1254.908)",48,True,19
229,"(1533.289, 1370.674)","(1290.976, 1182.684)",2,True,14
229,"(1522.486, 1284.867)","(1201.686, 1367.014)",49,True,10
229,"(1545.616, 1311.989)","(1112.949, 990.908)",50,True,9
231,"(1215.792, 1370.593)","(1602.72, 1145.662)",33,True,9
231,"(1292.527, 1006.055)","(992.23, 865.147)",51,True,14
231,"(935.212, 1087.592)","(1419.644, 827.273)",52,True,11
231,"(1430.167, 1378.436)","(914.804, 1050.974)",53,True,5
234,"(1390.266, 1195.855)","(1430.167, 1378.436)",54,True,8
235,"(861.651, 1213.396)","(1439.289, 1291.155)",55,True,10
236,"(1304.002, 1382.856)","(1244.718, 1375.908)",56,True,2
236,"(1456.956, 1253.741)","(1497.945, 836.738)",57,True,8
236,"(1503.232, 851.267)","(929.37, 1150.956)",58,True,18
236,"(1418.209, 1011.246)","(968.212, 1171.54)",59,True,12
236,"(1434.728, 1334.796)","(1274.36, 1379.382)",60,True,6
246,"(902.534, 1276.78)","(1066.055, 1245.356)",1,True,15
248,"(1070.397, 1290.079)","(1231.171, 1359.698)",16,True,14
249,"(1361.232, 831.325)","(1597.529, 1131.592)",17,True,20
254,"(1349.314, 1013.652)","(1289.181, 1381.119)",9,True,12
256,"(1477.108, 1175.013)","(1152.31, 1146.834)",0,True,12
258,"(1621.698, 1239.684)","(1463.453, 824.234)",15,True,17
258,"(1361.232, 831.325)","(885.716, 1144.21)",28,True,16
259,"(936.949, 958.487)","(1545.521, 967.5)",29,True,14
259,"(1290.976, 1182.684)","(1392.231, 1118.946)",31,True,13
260,"(1436.248, 1320.249)","(1477.108, 1175.013)",19,True,16
260,"(1522.486, 1284.867)","(1181.335, 1154.754)",22,True,20
262,"(1388.684, 1221.312)","(888.703, 1271.312)",5,True,13
263,"(1228.546, 1271.119)","(1534.949, 938.442)",25,True,19
264,"(1173.476, 1359.856)","(1442.33, 1262.062)",32,True,22
265,"(1633.864, 1230.079)","(1258.926, 854.622)",30,True,16
265,"(935.212, 1087.592)","(885.716, 1144.21)",35,True,14
268,"(1508.518, 865.796)","(1210.36, 1162.675)",18,True,19
269,"(1529.663, 923.913)","(866.464, 1199.559)",36,True,16
274,"(1095.551, 855.392)","(1347.232, 877.883)",6,True,19
274,"(1021.844, 1111.232)","(1289.181, 1381.119)",7,True,1
276,"(1382.915, 1314.164)","(1456.956, 1253.741)",3,True,4
277,"(1001.13, 1312.886)","(1390.86, 1013.399)",8,True,6
277,"(1259.939, 869.183)","(1304.092, 880.814)",14,True,14
277,"(970.528, 1259.926)","(1527.126, 1400.017)",24,True,17
277,"(1361.485, 861.713)","(1430.059, 1240.964)",37,True,3
279,"(1257.913, 840.061)","(1171.423, 998.434)",23,True,17
279,"(1244.718, 1375.908)","(1448.85, 825.247)",34,True,15
281,"(1195.848, 1158.715)","(1391.052, 1165.091)",38,True,2
281,"(1544.009, 1150.89)","(1440.809, 1276.609)",41,True,15
282,"(1584.149, 1136.417)","(1066.031, 858.179)",44,True,7
283,"(1430.059, 1240.964)","(1278.33, 1004.156)",11,True,6
284,"(1187.581, 1363.435)","(949.686, 917.381)",12,True,21
286,"(871.277, 1185.722)","(1492.659, 822.208)",4,True,21
288,"(1187.126, 998.819)","(861.651, 1213.396)",10,True,7
288,"(1258.521, 940.265)","(1522.486, 1284.867)",20,True,4
292,"(936.949, 958.487)","(1597.364, 1258.895)",27,True,10
293,"(1434.247, 826.26)","(1431.688, 1363.889)",46,True,9
295,"(1503.232, 851.267)","(1517.249, 1160.54)",39,True,13
295,"(1318.472, 879.837)","(861.042, 1260.376)",47,True,7
296,"(933.258, 973.901)","(1079.747, 1127.033)",40,True,3
298,"(1378.108, 1391.54)","(1166.822, 1150.794)",21,True,10
298,"(1497.945, 836.738)","(1497.945, 836.738)",49,True,19
300,"(1287.433, 837.565)","(1419.213, 1188.908)",53,True,12
300,"(1050.722, 1119.112)","(1383.877, 1298.688)",54,True,13
300,"(1574.51, 1056.574)","(1613.101, 1173.801)",56,True,14
302,"(1051.27, 859.573)","(964.09, 1095.472)",2,True,16
304,"(1440.809, 1276.609)","(1056.941, 1167.326)",3,True,1
304,"(1007.406, 1107.292)","(1527.126, 1400.017)",33,True,14
305,"(1131.16, 1349.119)","(1478.056, 823.221)",57,True,21
306,"(1187.581, 1363.435)","(1229.897, 1374.172)",38,True,9
307,"(964.09, 1095.472)","(1333.645, 1386.33)",50,True,8
308,"(981.021, 967.822)","(1390.266, 1195.855)",16,True,15
308,"(1233.718, 1330.75)","(1290.976, 1182.684)",60,True,2
309,"(1287.433, 837.565)","(1231.171, 1359.698)",13,True,5
309,"(1067.502, 1260.263)","(1250.832, 1173.719)",61,True,5
312,"(1244.718, 1375.908)","(1007.406, 1107.292)",7,True,1
312,"(1198.872, 845.636)","(925.877, 1004.73)",26,True,5
314,"(1570.769, 1141.241)","(1361.485, 861.713)",1,True,15
314,"(1229.897, 1374.172)","(969.756, 1230.464)",31,True,9
315,"(1379.069, 1376.065)","(1349.314, 1013.652)",51,True,21
315,"(1623.483, 1201.94)","(1166.822, 1150.794)",62,True,12
316,"(1275.332, 882.767)","(929.567, 989.316)",52,True,4
317,"(1173.476, 1359.856)","(1517.249, 1160.54)",35,True,10
319,"(1187.581, 1363.435)","(935.212, 1087.592)",0,True,7
319,"(1050.722, 1119.112)","(1187.581, 1363.435)",55,True,11
321,"(1439.289, 1291.155)","(1332.852, 878.86)",63,True,7
325,"(1260.952, 883.744)","(1588.321, 1101.585)",64,True,18
327,"(1139.832, 851.211)","(1305.16, 1184.566)",14,True,5
328,"(1545.616, 1311.989)","(1236.265, 1301.803)",9,True,7
332,"(1361.897, 1192.092)","(1519.09, 894.854)",11,True,8
333,"(1259.129, 926.135)","(1274.36, 1379.382)",19,True,11
334,"(1137.797, 1142.874)","(907.423, 1081.803)",40,True,1
338,"(1409.385, 1093.215)","(1633.864, 1230.079)",37,True,4
340,"(1545.616, 1311.989)","(1257.913, 840.061)",42,True,8
340,"(901.791, 1097.993)","(1217.029, 1195.378)",43,True,4
341,"(1442.715, 1393.987)","(966.331, 964.71)",38,True,5
342,"(1361.612, 876.907)","(1542.534, 1326.66)",48,True,19
343,"(1051.27, 859.573)","(1272.673, 838.813)",15,True,9
346,"(1068.949, 1275.171)","(964.09, 1095.472)",3,True,2
347,"(1443.85, 1247.515)","(1252.595, 985.037)",17,True,7
348,"(947.949, 869.328)","(1361.358, 846.519)",7,True,7
350,"(1259.736, 912.005)","(930.195, 1287.715)",5,True,17
350,"(1348.466, 1388.066)","(1530.208, 1385.345)",10,True,13
351,"(1264.133, 1002.256)","(890.529, 1130.373)",20,True,11
352,"(1434.728, 1334.796)","(1252.595, 985.037)",8,True,8
352,"(1305.16, 1184.566)","(1224.873, 1166.635)",22,True,3
354,"(1607.911, 1159.731)","(1585.198, 1268.501)",23,True,12
354,"(1320.92, 1009.853)","(1544.009, 1150.89)",29,True,6
354,"(1234.992, 1316.277)","(1069.094, 985.263)",41,True,8
355,"(1287.433, 837.565)","(1389.475, 1208.584)",6,True,3
355,"(1021.75, 862.36)","(1127.568, 992.789)",28,True,8
355,"(1213.108, 1209.75)","(1249.936, 1000.357)",45,True,6
356,"(1556.094, 996.559)","(1098.331, 989.026)",56,True,4
356,"(1272.673, 838.813)","(1391.445, 1149.71)",58,True,14
356,"(1361.612, 876.907)","(1418.209, 1011.246)",59,True,18
357,"(1202.828, 999.203)","(1490.488, 1170.189)",26,True,7
357,"(1579.114, 1071.577)","(1527.126, 1400.017)",60,True,9
358,"(1529.663, 923.913)","(1067.502, 1260.263)",40,True,18
359,"(1066.031, 858.179)","(1074.739, 1334.803)",21,True,13
360,"(1506.03, 1007.27)","(890.529, 1130.373)",32,True,9
360,"(1274.36, 1379.382)","(1517.249, 1160.54)",44,True,20
361,"(1463.453, 824.234)","(986.408, 1308.502)",30,True,5
362,"(1229.897, 1374.172)","(1527.126, 1400.017)",49,True,19
363,"(911.113, 1066.388)","(1250.832, 1173.719)",61,True,8
363,"(1436.248, 1320.249)","(1215.792, 1370.593)",65,True,6
363,"(935.212, 1087.592)","(1445.558, 1009.094)",66,True,11
363,"(1063.16, 1215.54)","(1332.852, 878.86)",67,True,6
364,"(1597.364, 1258.895)","(1548.698, 1297.317)",39,True,5
364,"(1069.094, 985.263)","(1318.824, 1384.593)",68,True,17
365,"(1409.385, 1093.215)","(1202.828, 999.203)",52,True,13
366,"(1218.531, 999.588)","(1233.718, 1330.75)",69,True,16
366,"(1348.466, 1388.066)","(1540.235, 952.971)",70,True,3
367,"(1496.274, 1272.416)","(1021.844, 1111.232)",71,True,9
369,"(1289.181, 1381.119)","(911.113, 1066.388)",25,True,15
370,"(1557.389, 1146.066)","(1145.265, 1352.698)",31,True,19
374,"(1407.445, 1060.858)","(1361.612, 876.907)",3,True,13
375,"(1361.358, 846.519)","(1437.769, 1305.702)",0,True,15
375,"(1171.423, 998.434)","(1431.688, 1363.889)",18,True,14
377,"(1259.129, 926.135)","(1276.792, 1180.803)",22,True,13
377,"(1477.108, 1175.013)","(1388.684, 1221.312)",24,True,9
378,"(941.195, 944.785)","(1258.521, 940.265)",46,True,19
378,"(1231.171, 1359.698)","(852.025, 1241.071)",47,True,9
378,"(1463.453, 824.234)","(1229.897, 1374.172)",50,True,17
379,"(1544.009, 1150.89)","(1513.058, 1399.012)",2,True,14
379,"(1391.838, 1134.328)","(1063.16, 1215.54)",53,True,2
380,"(1228.393, 842.849)","(947.949, 869.328)",43,True,17
380,"(1522.486, 1284.867)","(1232.406, 1286.461)",54,True,5
381,"(1098.331, 989.026)","(1236.265, 1301.803)",55,True,17
382,"(1361.485, 861.713)","(1260.952, 883.744)",37,True,13
383,"(1585.198, 1268.501)","(1490.488, 1170.189)",72,True,10
383,"(1202.828, 999.203)","(1428.647, 1392.983)",73,True,16
383,"(1548.698, 1297.317)","(1389.475, 1208.584)",74,True,9
385,"(1065.234, 1123.073)","(1492.659, 822.208)",9,True,7
387,"(1574.51, 1056.574)","(1217.029, 1195.378)",13,True,15
388,"(1382.915, 1314.164)","(916.423, 1144.095)",27,True,7
388,"(1391.838, 1134.328)","(861.651, 1213.396)",34,True,11
389,"(1228.393, 842.849)","(1548.698, 1297.317)",35,True,15
389,"(1249.936, 1000.357)","(949.686, 917.381)",36,True,12
389,"(1068.949, 1275.171)","(986.408, 1308.502)",39,True,14
391,"(1402.476, 1227.863)","(971.3, 1289.388)",11,True,11
391,"(1509.38, 1278.641)","(966.331, 964.71)",15,True,15
391,"(1152.31, 1146.834)","(1445.558, 1009.094)",62,True,0
393,"(1405.505, 1028.501)","(1319.345, 1186.448)",12,True,12
394,"(1416.267, 1234.414)","(1363.511, 1015.551)",14,True,3
395,"(935.212, 1087.592)","(1391.445, 1149.71)",63,True,15
396,"(1169.352, 848.423)","(1154.592, 849.817)",75,True,21
396,"(1585.198, 1268.501)","(1060.017, 1330.42)",76,True,10
397,"(1540.235, 952.971)","(1088.844, 1338.382)",1,True,7
397,"(1470.062, 1259.966)","(1613.101, 1173.801)",77,True,8
398,"(914.804, 1050.974)","(941.195, 944.785)",78,True,12
398,"(1448.161, 1181.961)","(1050.722, 1119.112)",79,True,9
399,"(949.686, 917.381)","(1094.26, 1130.993)",16,True,15
400,"(1348.466, 1388.066)","(907.423, 1081.803)",33,True,4
404,"(1618.292, 1187.87)","(1213.108, 1209.75)",7,True,12
405,"(1428.647, 1392.983)","(1517.249, 1160.54)",6,True,5
409,"(1131.16, 1349.119)","(861.651, 1213.396)",10,True,9
409,"(1152.31, 1146.834)","(1430.167, 1378.436)",17,True,14
411,"(1306.724, 1007.954)","(1050.722, 1119.112)",4,True,10
411,"(1257.913, 954.396)","(1544.009, 1150.89)",23,True,14
412,"(1434.247, 826.26)","(1278.33, 1004.156)",28,True,10
412,"(971.3, 1289.388)","(1347.713, 1190.211)",29,True,18
413,"(1389.475, 1208.584)","(1506.03, 1007.27)",51,True,6
413,"(901.791, 1097.993)","(1428.647, 1392.983)",56,True,7
413,"(1490.912, 1007.726)","(1477.108, 1175.013)",60,True,11
414,"(1534.949, 938.442)","(1513.058, 1399.012)",65,True,17
415,"(1521.148, 1006.815)","(1443.85, 1247.515)",26,True,6
415,"(1333.645, 1386.33)","(1363.287, 1389.803)",45,True,13
416,"(1083.712, 987.144)","(1443.85, 1247.515)",24,True,12
417,"(916.423, 1144.095)","(986.408, 1308.502)",8,True,12
418,"(1316.952, 835.069)","(1198.872, 845.636)",38,True,11
419,"(1305.16, 1184.566)","(1142.186, 994.671)",19,True,8
421,"(1318.824, 1384.593)","(1623.483, 1201.94)",42,True,17
421,"(1229.897, 1374.172)","(1382.915, 1314.164)",61,True,5
421,"(1433.687, 1185.434)","(1524.377, 909.384)",64,True,5
421,"(1318.472, 879.837)","(1039.785, 980.269)",70,True,8
423,"(949.107, 901.364)","(1259.129, 926.135)",20,True,5
425,"(1187.581, 1363.435)","(1556.094, 996.559)",53,True,5
426,"(1198.872, 845.636)","(1229.897, 1374.172)",80,True,20
427,"(1533.289, 1370.674)","(847.212, 1254.908)",14,True,11
429,"(1400.808, 1106.08)","(1154.592, 849.817)",52,True,7
429,"(1588.321, 1101.585)","(1259.539, 1377.645)",62,True,5
429,"(995.712, 970.934)","(970.528, 1259.926)",74,True,14
430,"(1533.289, 1370.674)","(1539.453, 1341.331)",81,True,7
432,"(1408.415, 1077.036)","(1431.688, 1363.889)",41,True,9
432,"(1231.171, 1359.698)","(1437.769, 1305.702)",54,True,2
432,"(1348.466, 1388.066)","(1430.167, 1378.436)",82,True,3
432,"(1237.853, 1170.177)","(1112.949, 990.908)",83,True,5
433,"(1407.445, 1060.858)","(1051.27, 859.573)",37,True,7
433,"(1304.092, 880.814)","(1538.621, 1001.687)",84,True,19
434,"(1187.581, 1363.435)","(1607.911, 1159.731)",58,True,10
434,"(1063.16, 1215.54)","(1378.108, 1391.54)",71,True,3
436,"(968.598, 1186.271)","(1548.698, 1297.317)",72,True,17
437,"(1387.723, 1236.787)","(1618.292, 1187.87)",57,True,13
437,"(1260.952, 883.744)","(1569.906, 1041.57)",85,True,18
439,"(1392.231, 1118.946)","(1361.485, 861.713)",47,True,17
440,"(1007.406, 1107.292)","(1380.992, 1345.114)",32,True,3
440,"(1316.952, 835.069)","(1540.235, 952.971)",59,True,9
440,"(1390.438, 829.299)","(1137.797, 1142.874)",86,True,21
441,"(1509.38, 1278.641)","(1061.087, 1199.468)",87,True,9
441,"(1574.51, 1056.574)","(1259.939, 869.183)",88,True,14
441,"(1260.952, 883.744)","(1252.595, 985.037)",89,True,18
444,"(929.567, 989.316)","(969.37, 1215.733)",49,True,20
445,"(1252.595, 985.037)","(1258.926, 854.622)",39,True,16
445,"(1333.529, 1188.329)","(1456.784, 1394.992)",66,True,6
447,"(1166.822, 1150.794)","(1159.371, 1356.277)",3,True,18
449,"(1588.321, 1101.585)","(1069.094, 985.263)",6,True,3
450,"(1036.283, 1115.172)","(1228.546, 1271.119)",2,True,15
452,"(1442.33, 1262.062)","(1258.521, 940.265)",12,True,4
453,"(1440.809, 1276.609)","(1361.612, 876.907)",21,True,11
454,"(1583.718, 1086.581)","(1419.213, 1188.908)",30,True,19
458,"(1418.209, 1011.246)","(1276.792, 1180.803)",5,True,19
458,"(971.686, 1304.119)","(1484.921, 1397.002)",22,True,12
458,"(847.212, 1254.908)","(977.469, 866.541)",25,True,4
458,"(1319.345, 1186.448)","(1224.873, 1166.635)",36,True,13
459,"(1390.659, 1180.473)","(1530.629, 1155.715)",33,True,12
459,"(1095.551, 855.392)","(1171.423, 998.434)",43,True,3
461,"(1139.832, 851.211)","(1074.739, 1334.803)",27,True,11
462,"(1409.385, 1093.215)","(1404.534, 1012.322)",18,True,7
463,"(918.495, 1035.559)","(876.09, 1171.885)",38,True,9
465,"(1257.913, 954.396)","(1402.476, 1227.863)",10,True,14
466,"(1051.27, 859.573)","(1556.094, 996.559)",9,True,10
469,"(1388.684, 1221.312)","(902.534, 1276.78)",11,True,13
471,"(1433.687, 1185.434)","(1257.913, 840.061)",8,True,14
473,"(1378.108, 1391.54)","(921.317, 1084.697)",13,True,7
473,"(1609.531, 1249.29)","(1095.551, 855.392)",16,True,13
474,"(1187.126, 998.819)","(1548.698, 1297.317)",0,True,12
476,"(969.37, 1215.733)","(1418.209, 1011.246)",20,True,15
477,"(874.873, 1265.844)","(1407.445, 1060.858)",7,True,12
479,"(1094.26, 1130.993)","(1400.808, 1106.08)",1,True,6
480,"(1068.949, 1275.171)","(1475.794, 1008.182)",26,True,13
480,"(1051.27, 859.573)","(1074.739, 1334.803)",28,True,9
481,"(916.364, 1282.247)","(1583.718, 1086.581)",31,True,5
481,"(914.804, 1050.974)","(1440.809, 1276.609)",34,True,4
482,"(966.331, 964.71)","(1272.673, 838.813)",19,True,4
483,"(1544.009, 1150.89)","(1363.287, 1389.803)",40,True,15
483,"(949.651, 1091.532)","(1201.686, 1367.014)",44,True,13
483,"(1419.213, 1188.908)","(914.804, 1050.974)",45,True,5
485,"(1259.736, 912.005)","(1318.824, 1384.593)",41,True,14
488,"(1428.647, 1392.983)","(1036.283, 1115.172)",4,True,13
489,"(1071.844, 1304.987)","(1391.052, 1165.091)",17,True,9
489,"(1550.808, 982.03)","(1456.956, 1253.741)",35,True,8
492,"(1275.332, 882.767)","(1198.872, 845.636)",18,True,7
492,"(1388.684, 1221.312)","(1333.645, 1386.33)",32,True,3
492,"(1263.812, 1177.261)","(1492.659, 822.208)",46,True,12
492,"(1131.16, 1349.119)","(874.873, 1265.844)",48,True,11
494,"(1347.713, 1190.211)","(1237.853, 1170.177)",15,True,14
494,"(1508.518, 865.796)","(1249.936, 1000.357)",50,True,18
495,"(1054.476, 983.381)","(1404.534, 1012.322)",23,True,16
497,"(1383.877, 1298.688)","(861.651, 1213.396)",24,True,3
497,"(1409.385, 1093.215)","(1530.208, 1385.345)",51,True,4
498,"(1347.232, 877.883)","(1419.644, 827.273)",37,True,8
502,"(1320.92, 1009.853)","(1529.663, 923.913)",6,True,6
502,"(955.265, 1164.678)","(1260.952, 883.744)",12,True,14
502,"(907.423, 1081.803)","(1380.031, 1360.59)",43,True,8
505,"(970.914, 1274.657)","(1602.72, 1145.662)",25,True,11
506,"(1508.518, 865.796)","(907.423, 1081.803)",38,True,20
507,"(1095.551, 855.392)","(941.195, 944.785)",39,True,4
508,"(921.317, 1084.697)","(1428.647, 1392.983)",42,True,18
508,"(1260.952, 883.744)","(1490.488, 1170.189)",52,True,3
509,"(1419.644, 827.273)","(1556.094, 996.559)",33,True,10
510,"(1066.031, 858.179)","(1127.568, 992.789)",36,True,15
510,"(1430.059, 1240.964)","(1378.108, 1391.54)",53,True,9
511,"(847.212, 1254.908)","(1448.85, 825.247)",29,True,14
514,"(1378.108, 1391.54)","(1231.171, 1359.698)",14,True,12
515,"(968.598, 1186.271)","(1056.941, 1167.326)",54,True,15
515,"(947.949, 869.328)","(1260.952, 883.744)",55,True,15
518,"(1623.483, 1201.94)","(1443.85, 1247.515)",32,True,10
519,"(1383.877, 1298.688)","(1430.059, 1240.964)",2,True,8
520,"(1166.822, 1150.794)","(1059.014, 1183.397)",56,True,10
523,"(1544.009, 1150.89)","(1492.659, 822.208)",57,True,3
526,"(1633.864, 1230.079)","(1388.684, 1221.312)",18,True,16
528,"(1131.16, 1349.119)","(1021.844, 1111.232)",1,True,12
528,"(1181.335, 1154.754)","(1257.913, 954.396)",3,True,7
528,"(1400.808, 1106.08)","(936.949, 958.487)",19,True,10
530,"(1152.31, 1146.834)","(1534.949, 938.442)",47,True,19
533,"(1228.546, 1271.119)","(1232.444, 1345.224)",22,True,8
535,"(1065.234, 1123.073)","(1071.844, 1304.987)",21,True,18
535,"(1145.265, 1352.698)","(1152.31, 1146.834)",30,True,10
535,"(1548.698, 1297.317)","(929.37, 1150.956)",37,True,13
536,"(949.686, 917.381)","(1050.722, 1119.112)",49,True,8
537,"(1213.632, 844.242)","(1110.311, 853.998)",58,True,14
537,"(1095.551, 855.392)","(1195.848, 1158.715)",59,True,12
542,"(995.712, 970.934)","(1585.198, 1268.501)",5,True,13
543,"(1061.087, 1199.468)","(1074.739, 1334.803)",9,True,17
544,"(947.949, 869.328)","(1173.476, 1359.856)",6,True,15
545,"(942.318, 1157.817)","(1539.453, 1341.331)",10,True,15
545,"(1439.289, 1291.155)","(1220.827, 1240.434)",13,True,14
545,"(1079.747, 1127.033)","(1015.851, 1317.269)",34,True,10
548,"(1045.295, 1326.036)","(1224.873, 1166.635)",15,True,9
548,"(1565.302, 1026.566)","(1503.232, 851.267)",27,True,19
550,"(1258.926, 854.622)","(1335.117, 1011.753)",35,True,13
551,"(1071.844, 1304.987)","(1071.844, 1304.987)",39,True,10
551,"(916.423, 1144.095)","(1538.621, 1001.687)",45,True,2
552,"(1264.133, 1002.256)","(1335.117, 1011.753)",48,True,15
553,"(962.709, 867.935)","(1249.936, 1000.357)",51,True,23
553,"(1477.108, 1175.013)","(876.09, 1171.885)",61,True,5
554,"(847.212, 1254.908)","(968.984, 1201.002)",2,True,17
559,"(1050.722, 1119.112)","(1159.371, 1356.277)",0,True,13
560,"(1513.804, 880.325)","(1380.031, 1360.59)",8,True,7
560,"(1066.055, 1245.356)","(1260.952, 883.744)",11,True,6
561,"(1258.926, 854.622)","(1385.8, 1267.738)",17,True,10
563,"(1059.014, 1183.397)","(1289.712, 881.79)",24,True,8
564,"(936.949, 958.487)","(1443.85, 1247.515)",28,True,11
564,"(1202.828, 999.203)","(1021.75, 862.36)",31,True,10
566,"(907.423, 1081.803)","(901.791, 1097.993)",14,True,12
566,"(1125.071, 852.604)","(978.528, 1099.412)",22,True,20
568,"(1492.659, 822.208)","(1304.002, 1382.856)",32,True,13
569,"(1108.772, 1134.953)","(856.838, 1227.234)",4,True,2
569,"(1319.345, 1186.448)","(1378.108, 1391.54)",33,True,9
569,"(1289.181, 1381.119)","(1560.698, 1011.562)",40,True,2
571,"(1513.804, 880.325)","(1187.581, 1363.435)",23,True,6
571,"(1257.913, 840.061)","(1187.126, 998.819)",44,True,20
572,"(907.423, 1081.803)","(1304.002, 1382.856)",52,True,14
572,"(1533.289, 1370.674)","(1036.51, 860.966)",53,True,4
572,"(1416.267, 1234.414)","(1228.546, 1271.119)",56,True,11
574,"(1181.335, 1154.754)","(1054.476, 983.381)",7,True,8
575,"(1347.713, 1190.211)","(1378.108, 1391.54)",16,True,16
576,"(1069.094, 985.263)","(1255.254, 969.716)",26,True,9
578,"(1442.33, 1262.062)","(903.476, 1137.234)",41,True,5
579,"(1065.234, 1123.073)","(1304.092, 880.814)",20,True,12
579,"(1083.712, 987.144)","(1184.112, 847.03)",43,True,15
580,"(1633.864, 1230.079)","(1478.056, 823.221)",46,True,9
580,"(1492.659, 822.208)","(1234.992, 1316.277)",60,True,10
581,"(1542.534, 1326.66)","(1229.897, 1374.172)",57,True,12
581,"(1573.031, 1278.106)","(1431.883, 1010.17)",62,True,9
582,"(1445.558, 1009.094)","(1304.092, 880.814)",50,True,5
584,"(1059.014, 1183.397)","(1497.945, 836.738)",49,True,1
584,"(1069.094, 985.263)","(1442.715, 1393.987)",63,True,11
588,"(1276.792, 1180.803)","(1216.967, 1225.092)",1,True,6
589,"(1442.715, 1393.987)","(1376.082, 1193.974)",36,True,16
589,"(1228.393, 842.849)","(1079.747, 1127.033)",39,True,18
589,"(1289.181, 1381.119)","(957.856, 1298.651)",54,True,9
591,"(1548.698, 1297.317)","(1234.992, 1316.277)",55,True,15
592,"(1388.684, 1221.312)","(1361.897, 1192.092)",12,True,11
595,"(1550.808, 982.03)","(1386.761, 1252.263)",3,True,8
597,"(1063.16, 1215.54)","(1220.951, 1181.007)",18,True,11
603,"(1443.85, 1247.515)","(1391.838, 1134.328)",4,True,17
604,"(1348.466, 1388.066)","(1509.38, 1278.641)",19,True,17
607,"(1506.03, 1007.27)","(1169.352, 848.423)",9,True,18
608,"(1318.824, 1384.593)","(1139.832, 851.211)",14,True,14
609,"(1521.148, 1006.815)","(1443.85, 1247.515)",15,True,11
609,"(852.025, 1241.071)","(1404.74, 1192.382)",21,True,6
610,"(1584.149, 1136.417)","(1442.715, 1393.987)",25,True,1
610,"(1064.607, 1230.448)","(1228.546, 1271.119)",30,True,5
611,"(1333.645, 1386.33)","(1579.114, 1071.577)",34,True,7
612,"(1382.915, 1314.164)","(1470.852, 1395.997)",35,True,8
613,"(1378.108, 1391.54)","(896.16, 1114.183)",42,True,1
613,"(1386.761, 1252.263)","(1263.812, 1177.261)",48,True,7
613,"(1257.913, 954.396)","(1333.529, 1188.329)",58,True,6
613,"(1198.872, 845.636)","(1201.686, 1367.014)",64,True,9
614,"(1066.055, 1245.356)","(1536.371, 1356.003)",65,True,12
616,"(1102.949, 1341.961)","(929.567, 989.316)",45,True,18
619,"(1508.518, 865.796)","(1054.868, 1151.255)",1,True,16
620,"(1579.114, 1071.577)","(1021.844, 1111.232)",13,True,12
622,"(1388.684, 1221.312)","(1181.335, 1154.754)",0,True,9
623,"(1497.945, 836.738)","(1074.739, 1334.803)",26,True,9
624,"(876.09, 1171.885)","(1556.094, 996.559)",27,True,20
625,"(1439.289, 1291.155)","(970.528, 1259.926)",2,True,15
626,"(1530.629, 1155.715)","(1154.592, 849.817)",8,True,7
626,"(1257.913, 954.396)","(1066.031, 858.179)",29,True,7
627,"(1063.16, 1215.54)","(1538.621, 1001.687)",31,True,12
628,"(1400.808, 1106.08)","(1633.864, 1230.079)",33,True,6
632,"(921.317, 1084.697)","(1533.289, 1370.674)",38,True,0
633,"(1073.291, 1319.895)","(1095.551, 855.392)",12,True,12
635,"(1001.13, 1312.886)","(1391.052, 1165.091)",17,True,11
635,"(1346.472, 832.573)","(1361.232, 831.325)",37,True,16
636,"(1530.629, 1155.715)","(1067.502, 1260.263)",40,True,4
637,"(947.949, 869.328)","(1460.676, 1008.638)",6,True,15
638,"(933.258, 973.901)","(1569.906, 1041.57)",7,True,3
639,"(971.3, 1289.388)","(1404.534, 1012.322)",11,True,18
639,"(1556.094, 996.559)","(1318.472, 879.837)",47,True,1
639,"(907.423, 1081.803)","(1597.529, 1131.592)",50,True,13
641,"(1597.364, 1258.895)","(1108.772, 1134.953)",5,True,0
642,"(1470.062, 1259.966)","(925.877, 1004.73)",46,True,14
647,"(1156.805, 996.552)","(1025.094, 977.158)",10,True,15
647,"(1527.126, 1400.017)","(1628.674, 1216.009)",16,True,3
648,"(902.534, 1276.78)","(1127.568, 992.789)",24,True,18
648,"(866.464, 1199.559)","(1378.108, 1391.54)",25,True,15
648,"(1456.956, 1253.741)","(1064.607, 1230.448)",28,True,0
648,"(1224.873, 1166.635)","(1224.873, 1166.635)",41,True,9
649,"(1276.792, 1180.803)","(1045.295, 1326.036)",23,True,7
654,"(1443.85, 1247.515)","(1383.877, 1298.688)",3,True,2
658,"(1556.094, 996.559)","(1110.311, 853.998)",18,True,12
658,"(1250.832, 1173.719)","(970.528, 1259.926)",30,True,3
658,"(1623.483, 1201.94)","(852.025, 1241.071)",35,True,7
659,"(1534.949, 938.442)","(1584.149, 1136.417)",36,True,9
660,"(1036.283, 1115.172)","(1475.794, 1008.182)",43,True,13
665,"(1083.712, 987.144)","(1556.094, 996.559)",22,True,8
665,"(1210.36, 1162.675)","(1570.769, 1141.241)",32,True,7
667,"(1404.534, 1012.322)","(1463.453, 824.234)",4,True,3
667,"(1278.33, 1004.156)","(1517.249, 1160.54)",42,True,11
670,"(1137.797, 1142.874)","(1346.472, 832.573)",0,True,1
670,"(1503.868, 1165.364)","(1544.009, 1150.89)",20,True,14
675,"(1390.659, 1180.473)","(1210.36, 1162.675)",3,True,3
679,"(1509.38, 1278.641)","(1406.475, 1044.679)",15,True,2
680,"(1218.531, 999.588)","(1071.844, 1304.987)",16,True,13
682,"(1583.718, 1086.581)","(1419.644, 827.273)",19,True,7
685,"(1522.486, 1284.867)","(1597.529, 1131.592)",5,True,11
686,"(1224.873, 1166.635)","(890.529, 1130.373)",21,True,4
687,"(1073.291, 1319.895)","(1535.592, 1291.092)",29,True,15
688,"(1202.828, 999.203)","(1263.812, 1177.261)",33,True,13
692,"(1154.592, 849.817)","(1550.808, 982.03)",28,True,15
693,"(936.949, 958.487)","(1228.546, 1271.119)",34,True,16
695,"(1556.094, 996.559)","(1390.266, 1195.855)",37,True,7
696,"(1633.864, 1230.079)","(971.686, 1304.119)",38,True,4
696,"(1613.101, 1173.801)","(916.364, 1282.247)",39,True,13
699,"(1220.827, 1240.434)","(1319.345, 1186.448)",7,True,13
700,"(1475.794, 1008.182)","(861.042, 1260.376)",8,True,11
702,"(930.195, 1287.715)","(1607.911, 1159.731)",3,True,12
705,"(1257.913, 954.396)","(971.686, 1304.119)",4,True,7
705,"(1218.531, 999.588)","(1383.877, 1298.688)",9,True,6
705,"(1210.36, 1162.675)","(1544.009, 1150.89)",13,True,4
705,"(1213.108, 1209.75)","(1592.925, 1116.588)",23,True,8
708,"(1521.148, 1006.815)","(1276.792, 1180.803)",10,True,11
713,"(1433.208, 1349.342)","(1060.017, 1330.42)",14,True,18
716,"(1384.838, 1283.213)","(1318.472, 879.837)",2,True,13
716,"(888.703, 1271.312)","(1522.486, 1284.867)",15,True,19
718,"(1260.952, 883.744)","(890.529, 1130.373)",17,True,10
719,"(951.64, 961.598)","(1187.126, 998.819)",12,True,6
719,"(1361.612, 876.907)","(1063.16, 1215.54)",20,True,12
721,"(1156.805, 996.552)","(1217.029, 1195.378)",26,True,16
723,"(968.984, 1201.002)","(1521.148, 1006.815)",30,True,1
724,"(948.528, 885.346)","(1318.824, 1384.593)",22,True,16
728,"(907.423, 1081.803)","(1548.698, 1297.317)",1,True,4
733,"(1475.794, 1008.182)","(1333.529, 1188.329)",6,True,0
733,"(1565.302, 1026.566)","(1386.761, 1252.263)",19,True,6
735,"(1430.059, 1240.964)","(1015.851, 1317.269)",0,True,15
740,"(1220.827, 1240.434)","(1166.822, 1150.794)",5,True,11
741,"(1404.534, 1012.322)","(1073.291, 1319.895)",18,True,11
752,"(1363.287, 1389.803)","(929.37, 1150.956)",11,True,9
754,"(947.949, 869.328)","(896.16, 1114.183)",7,True,14
757,"(1527.126, 1400.017)","(1383.877, 1298.688)",12,True,16
758,"(978.528, 1099.412)","(1588.321, 1101.585)",13,True,13
758,"(1633.864, 1230.079)","(942.318, 1157.817)",21,True,19
759,"(1492.659, 822.208)","(1108.772, 1134.953)",6,True,13
760,"(1050.722, 1119.112)","(1361.612, 876.907)",9,True,10
760,"(921.317, 1084.697)","(1237.853, 1170.177)",24,True,7
764,"(866.464, 1199.559)","(1509.38, 1278.641)",23,True,19
766,"(1159.371, 1356.277)","(1524.377, 909.384)",25,True,5
766,"(1418.209, 1011.246)","(1381.954, 1329.639)",27,True,3
775,"(1080.791, 856.785)","(1404.534, 1012.322)",10,True,16
775,"(1529.663, 923.913)","(1498.989, 1398.007)",16,True,21
776,"(1228.546, 1271.119)","(1430.059, 1240.964)",28,True,14
779,"(871.277, 1185.722)","(1218.531, 999.588)",29,True,18
779,"(1361.485, 861.713)","(1066.031, 858.179)",31,True,8
787,"(1349.314, 1013.652)","(1418.209, 1011.246)",4,True,18
789,"(1388.684, 1221.312)","(1388.684, 1221.312)",5,True,6
791,"(1210.36, 1162.675)","(1080.791, 856.785)",17,True,8
791,"(1405.041, 828.286)","(1080.791, 856.785)",19,True,15
791,"(907.423, 1081.803)","(1557.389, 1146.066)",30,True,16
792,"(1229.897, 1374.172)","(890.529, 1130.373)",1,True,9
793,"(1405.505, 1028.501)","(911.113, 1066.388)",32,True,7
795,"(1529.663, 923.913)","(969.756, 1230.464)",33,True,12
799,"(936.949, 958.487)","(1201.686, 1367.014)",2,True,11
799,"(1609.531, 1249.29)","(1408.415, 1077.036)",8,True,19
802,"(1050.722, 1119.112)","(1067.502, 1260.263)",3,True,14
803,"(907.423, 1081.803)","(1361.232, 831.325)",14,True,8
808,"(1224.873, 1166.635)","(1607.911, 1159.731)",24,True,0
811,"(1137.797, 1142.874)","(1166.822, 1150.794)",5,True,7
815,"(970.914, 1274.657)","(1010.403, 974.046)",26,True,11
815,"(1402.476, 1227.863)","(1333.645, 1386.33)",27,True,3
820,"(1445.558, 1009.094)","(1503.868, 1165.364)",7,True,15
820,"(1521.148, 1006.815)","(1229.897, 1374.172)",20,True,17
821,"(1060.017, 1330.42)","(1257.913, 954.396)",11,True,6
824,"(1060.017, 1330.42)","(1059.014, 1183.397)",0,True,1
824,"(1437.769, 1305.702)","(1418.209, 1011.246)",18,True,10
825,"(1302.192, 836.317)","(1534.949, 938.442)",12,True,15
825,"(1535.592, 1291.092)","(1066.031, 858.179)",34,True,11
827,"(1094.26, 1130.993)","(1237.853, 1170.177)",35,True,8
831,"(1234.234, 999.973)","(1556.094, 996.559)",15,True,12
831,"(936.949, 958.487)","(1565.302, 1026.566)",22,True,16
833,"(969.37, 1215.733)","(1431.883, 1010.17)",31,True,11
833,"(1080.791, 856.785)","(930.195, 1287.715)",36,True,17
837,"(995.712, 970.934)","(1361.897, 1192.092)",5,True,10
837,"(1386.761, 1252.263)","(1036.283, 1115.172)",37,True,1
837,"(1169.352, 848.423)","(1585.198, 1268.501)",38,True,16
838,"(1274.36, 1379.382)","(1361.612, 876.907)",39,True,8
838,"(942.318, 1157.817)","(1252.595, 985.037)",40,True,8
838,"(1633.864, 1230.079)","(1460.676, 1008.638)",41,True,11
841,"(1079.747, 1127.033)","(1305.16, 1184.566)",25,True,17
843,"(1628.674, 1216.009)","(1195.848, 1158.715)",0,True,16
843,"(1159.371, 1356.277)","(1169.352, 848.423)",24,True,15
844,"(1361.897, 1192.092)","(1070.397, 1290.079)",27,True,6
845,"(1259.736, 912.005)","(1390.266, 1195.855)",42,True,13
845,"(1181.335, 1154.754)","(1404.534, 1012.322)",43,True,11
846,"(1428.647, 1392.983)","(1391.445, 1149.71)",28,True,4
847,"(1069.094, 985.263)","(1390.659, 1180.473)",44,True,3
848,"(1385.8, 1267.738)","(1061.087, 1199.468)",13,True,7
849,"(1166.822, 1150.794)","(1108.772, 1134.953)",9,True,18
850,"(880.903, 1158.047)","(1066.031, 858.179)",4,True,15
853,"(1292.527, 1006.055)","(1389.475, 1208.584)",45,True,9
855,"(935.212, 1087.592)","(1152.31, 1146.834)",6,True,4
859,"(890.529, 1130.373)","(1548.698, 1297.317)",3,True,7
860,"(1276.792, 1180.803)","(1063.16, 1215.54)",1,True,10
863,"(1231.171, 1359.698)","(1597.364, 1258.895)",10,True,12
864,"(1095.551, 855.392)","(1517.249, 1160.54)",17,True,0
864,"(1542.534, 1326.66)","(890.529, 1130.373)",19,True,21
868,"(1492.659, 822.208)","(1535.592, 1291.092)",32,True,17
870,"(1385.8, 1267.738)","(1249.936, 1000.357)",35,True,5
870,"(916.364, 1282.247)","(1169.352, 848.423)",46,True,7
871,"(1618.292, 1187.87)","(871.277, 1185.722)",29,True,12
871,"(1508.518, 865.796)","(871.277, 1185.722)",47,True,6
871,"(1210.36, 1162.675)","(1061.087, 1199.468)",48,True,1
873,"(1535.592, 1291.092)","(1416.267, 1234.414)",14,True,15
873,"(1597.529, 1131.592)","(1529.663, 923.913)",49,True,7
874,"(1187.581, 1363.435)","(968.598, 1186.271)",37,True,8
876,"(922.186, 1020.145)","(970.528, 1259.926)",50,True,18
878,"(1073.291, 1319.895)","(1361.612, 876.907)",2,True,3
878,"(936.949, 958.487)","(1213.632, 844.242)",51,True,7
878,"(1443.85, 1247.515)","(885.716, 1144.21)",52,True,6
878,"(907.423, 1081.803)","(1302.192, 836.317)",53,True,7
879,"(1378.108, 1391.54)","(1224.686, 1255.777)",16,True,3
886,"(1392.231, 1118.946)","(1074.739, 1334.803)",6,True,7
886,"(1445.558, 1009.094)","(1477.108, 1175.013)",18,True,1
888,"(890.529, 1130.373)","(929.567, 989.316)",8,True,15
890,"(1065.234, 1123.073)","(874.873, 1265.844)",21,True,6
893,"(1530.629, 1155.715)","(1496.274, 1272.416)",7,True,1
895,"(1391.445, 1149.71)","(1437.769, 1305.702)",12,True,8
895,"(944.025, 1293.183)","(1259.736, 912.005)",15,True,22
897,"(970.914, 1274.657)","(1390.86, 1013.399)",23,True,16
897,"(1052.795, 1135.184)","(1496.274, 1272.416)",26,True,8
897,"(1556.094, 996.559)","(1380.992, 1345.114)",28,True,6
898,"(1522.486, 1284.867)","(1125.071, 852.604)",30,True,6
899,"(1316.952, 835.069)","(1484.921, 1397.002)",11,True,4
899,"(1054.868, 1151.255)","(1063.16, 1215.54)",27,True,3
904,"(1159.371, 1356.277)","(1597.529, 1131.592)",33,True,6
905,"(1050.722, 1119.112)","(1477.108, 1175.013)",40,True,13
906,"(1054.868, 1151.255)","(1236.265, 1301.803)",41,True,14
907,"(930.195, 1287.715)","(1318.472, 879.837)",44,True,15
910,"(1442.33, 1262.062)","(1569.906, 1041.57)",13,True,12
910,"(907.423, 1081.803)","(1524.377, 909.384)",16,True,9
910,"(1007.406, 1107.292)","(1171.423, 998.434)",43,True,13
910,"(1527.126, 1400.017)","(1232.406, 1286.461)",45,True,7
911,"(1333.529, 1188.329)","(1560.864, 1287.712)",9,True,5
913,"(968.212, 1171.54)","(1442.33, 1262.062)",5,True,14
917,"(968.212, 1171.54)","(1287.433, 837.565)",1,True,8
917,"(1117.055, 1345.54)","(1052.795, 1135.184)",18,True,12
918,"(1036.283, 1115.172)","(936.949, 958.487)",20,True,9
919,"(1621.698, 1239.684)","(1232.406, 1286.461)",7,True,3
922,"(1304.002, 1382.856)","(1378.108, 1391.54)",25,True,8
923,"(1592.925, 1116.588)","(1316.952, 835.069)",17,True,2
926,"(969.756, 1230.464)","(1530.208, 1385.345)",27,True,7
926,"(929.567, 989.316)","(1470.852, 1395.997)",31,True,12
927,"(1588.321, 1101.585)","(1556.094, 996.559)",4,True,16
928,"(1181.335, 1154.754)","(1229.897, 1374.172)",22,True,12
928,"(1156.805, 996.552)","(1059.014, 1183.397)",34,True,10
929,"(986.408, 1308.502)","(1213.632, 844.242)",35,True,16
930,"(861.651, 1213.396)","(947.949, 869.328)",36,True,3
930,"(1361.612, 876.907)","(1224.873, 1166.635)",37,True,18
941,"(969.37, 1215.733)","(1530.629, 1155.715)",0,True,11
942,"(1378.108, 1391.54)","(1068.949, 1275.171)",3,True,6
944,"(1202.828, 999.203)","(1633.864, 1230.079)",10,True,14
944,"(936.949, 958.487)","(907.423, 1081.803)",12,True,17
947,"(1061.087, 1199.468)","(1264.133, 1002.256)",8,True,7
947,"(1506.03, 1007.27)","(907.423, 1081.803)",14,True,8
948,"(1236.265, 1301.803)","(1001.13, 1312.886)",21,True,10
948,"(1506.03, 1007.27)","(1448.85, 825.247)",38,True,8
949,"(964.09, 1095.472)","(1198.872, 845.636)",39,True,16
951,"(861.042, 1260.376)","(968.984, 1201.002)",6,True,5
952,"(1378.108, 1391.54)","(1131.16, 1349.119)",9,True,6
953,"(903.476, 1137.234)","(949.651, 1091.532)",24,True,11
954,"(1249.936, 1000.357)","(1224.873, 1166.635)",28,True,11
954,"(1102.949, 1341.961)","(1094.26, 1130.993)",42,True,11
955,"(1545.616, 1311.989)","(1609.531, 1249.29)",25,True,5
955,"(1260.952, 883.744)","(1597.529, 1131.592)",46,True,3
956,"(1152.31, 1146.834)","(935.212, 1087.592)",47,True,8
957,"(1187.581, 1363.435)","(1210.36, 1162.675)",48,True,6
958,"(1021.75, 862.36)","(936.949, 958.487)",32,True,21
958,"(1388.684, 1221.312)","(907.423, 1081.803)",49,True,10
959,"(1406.475, 1044.679)","(1534.949, 938.442)",2,True,9
960,"(1390.86, 1013.399)","(1538.621, 1001.687)",26,True,8
961,"(1536.371, 1356.003)","(1390.659, 1180.473)",45,True,10
962,"(1388.684, 1221.312)","(1428.647, 1392.983)",50,True,14
963,"(1067.502, 1260.263)","(1063.16, 1215.54)",51,True,17
964,"(1063.16, 1215.54)","(1074.739, 1334.803)",52,True,7
965,"(1259.129, 926.135)","(1137.797, 1142.874)",20,True,9
967,"(1067.502, 1260.263)","(1524.377, 909.384)",17,True,19
969,"(1142.186, 994.671)","(1074.739, 1334.803)",33,True,12
970,"(1257.913, 840.061)","(1548.698, 1297.317)",36,True,7
970,"(1142.186, 994.671)","(1404.534, 1012.322)",53,True,7
970,"(1347.232, 877.883)","(1406.475, 1044.679)",54,True,21
972,"(1278.33, 1004.156)","(970.914, 1274.657)",7,True,14
972,"(1440.809, 1276.609)","(1530.208, 1385.345)",11,True,4
975,"(876.09, 1171.885)","(968.984, 1201.002)",18,True,6
976,"(1234.992, 1316.277)","(922.186, 1020.145)",29,True,12
976,"(1213.108, 1209.75)","(1618.292, 1187.87)",30,True,17
977,"(1382.915, 1314.164)","(1430.059, 1240.964)",41,True,7
978,"(941.195, 944.785)","(1544.009, 1150.89)",13,True,15
979,"(1145.265, 1352.698)","(1249.936, 1000.357)",40,True,12
981,"(1274.36, 1379.382)","(1560.864, 1287.712)",25,True,10
981,"(1264.133, 1002.256)","(903.476, 1137.234)",55,True,15
982,"(1095.551, 855.392)","(1527.126, 1400.017)",56,True,18
984,"(1187.581, 1363.435)","(949.651, 1091.532)",19,True,10
986,"(1079.747, 1127.033)","(969.37, 1215.733)",4,True,15
987,"(1384.838, 1283.213)","(1361.232, 831.325)",6,True,14
988,"(1409.385, 1093.215)","(1169.352, 848.423)",3,True,14
988,"(1394.954, 1392.021)","(1539.453, 1341.331)",22,True,4
989,"(871.277, 1185.722)","(992.967, 1103.352)",43,True,10
991,"(1220.951, 1181.007)","(1440.809, 1276.609)",1,True,16
992,"(1445.558, 1009.094)","(1051.27, 859.573)",9,True,15
992,"(922.186, 1020.145)","(1052.795, 1135.184)",57,True,13
993,"(1125.071, 852.604)","(1527.126, 1400.017)",38,True,7
994,"(861.042, 1260.376)","(1083.712, 987.144)",27,True,16
996,"(929.567, 989.316)","(1236.265, 1301.803)",48,True,9
997,"(971.3, 1289.388)","(1152.31, 1146.834)",24,True,7
998,"(1187.581, 1363.435)","(1597.529, 1131.592)",16,True,18
998,"(918.495, 1035.559)","(1316.952, 835.069)",26,True,15
999,"(1220.827, 1240.434)","(977.469, 866.541)",34,True,7
1000,"(1517.249, 1160.54)","(1440.809, 1276.609)",47,True,14
1003,"(1391.052, 1165.091)","(1305.16, 1184.566)",21,True,14
1003,"(1513.804, 880.325)","(1478.056, 823.221)",52,True,21
1003,"(1409.385, 1093.215)","(1243.153, 841.455)",58,True,4
1003,"(1492.659, 822.208)","(907.423, 1081.803)",59,True,16
1003,"(1443.85, 1247.515)","(968.212, 1171.54)",60,True,9
1003,"(896.16, 1114.183)","(1050.722, 1119.112)",61,True,1
1004,"(1264.133, 1002.256)","(1522.486, 1284.867)",11,True,14
1009,"(1249.936, 1000.357)","(1059.014, 1183.397)",2,True,8
1010,"(1198.872, 845.636)","(1388.684, 1221.312)",5,True,15
1011,"(929.37, 1150.956)","(1083.712, 987.144)",12,True,2
1014,"(1184.112, 847.03)","(1249.936, 1000.357)",18,True,14
1017,"(1236.265, 1301.803)","(949.686, 917.381)",8,True,14
1017,"(1335.117, 1011.753)","(1276.792, 1180.803)",22,True,11
1017,"(1287.433, 837.565)","(1378.108, 1391.54)",23,True,8
1017,"(1613.101, 1173.801)","(1249.936, 1000.357)",41,True,7
1018,"(1492.659, 822.208)","(1258.926, 854.622)",15,True,7
1020,"(1045.295, 1326.036)","(957.856, 1298.651)",42,True,6
1020,"(866.464, 1199.559)","(1490.488, 1170.189)",44,True,16
1021,"(1102.949, 1341.961)","(1231.171, 1359.698)",14,True,9
1021,"(1142.186, 994.671)","(1442.33, 1262.062)",45,True,10
1023,"(1411.801, 1392.502)","(1257.913, 840.061)",31,True,1
1026,"(1249.936, 1000.357)","(1588.321, 1101.585)",28,True,12
1026,"(1220.827, 1240.434)","(907.423, 1081.803)",46,True,11
1027,"(902.534, 1276.78)","(1316.952, 835.069)",49,True,5
1028,"(1302.192, 836.317)","(1475.794, 1008.182)",50,True,18
1029,"(1201.686, 1367.014)","(1484.921, 1397.002)",51,True,6
1031,"(1187.581, 1363.435)","(1402.476, 1227.863)",10,True,12
1032,"(1522.486, 1284.867)","(1169.352, 848.423)",35,True,16
1033,"(1583.718, 1086.581)","(1408.415, 1077.036)",0,True,3
1033,"(1498.989, 1398.007)","(968.598, 1186.271)",53,True,11
1034,"(1407.445, 1060.858)","(1173.476, 1359.856)",61,True,11
1034,"(1289.712, 881.79)","(1409.385, 1093.215)",62,True,8
1038,"(1224.873, 1166.635)","(890.529, 1130.373)",32,True,10
1038,"(1613.101, 1173.801)","(890.529, 1130.373)",37,True,10
1038,"(1408.415, 1077.036)","(1380.031, 1360.59)",39,True,10
1039,"(890.529, 1130.373)","(1021.844, 1111.232)",25,True,17
1040,"(966.331, 964.71)","(921.317, 1084.697)",43,True,5
1040,"(970.142, 1245.195)","(1260.344, 897.874)",63,True,12
1041,"(1404.534, 1012.322)","(1470.062, 1259.966)",20,True,10
1042,"(1257.913, 840.061)","(896.16, 1114.183)",64,True,20
1043,"(1001.13, 1312.886)","(1202.828, 999.203)",36,True,14
1043,"(1519.09, 894.854)","(1052.795, 1135.184)",65,True,11
1044,"(929.567, 989.316)","(1068.949, 1275.171)",66,True,19
1045,"(1408.415, 1077.036)","(1597.364, 1258.895)",12,True,9
1048,"(1187.126, 998.819)","(1448.85, 825.247)",19,True,9
1048,"(1443.85, 1247.515)","(1036.283, 1115.172)",58,True,14
1050,"(1389.475, 1208.584)","(874.873, 1265.844)",24,True,6
1051,"(1229.897, 1374.172)","(1428.647, 1392.983)",42,True,6
1052,"(1570.769, 1141.241)","(1304.002, 1382.856)",29,True,17
1052,"(1609.531, 1249.29)","(914.804, 1050.974)",57,True,15
1052,"(1524.377, 909.384)","(1249.936, 1000.357)",67,True,7
1053,"(1036.51, 860.966)","(1166.822, 1150.794)",68,True,20
1053,"(1376.082, 1193.974)","(1259.939, 869.183)",69,True,7
1054,"(1243.153, 841.455)","(1127.568, 992.789)",70,True,9
1057,"(888.703, 1271.312)","(1361.232, 831.325)",21,True,14
1057,"(1431.688, 1363.889)","(1287.433, 837.565)",33,True,9
1058,"(1243.153, 841.455)","(1408.415, 1077.036)",4,True,15
1058,"(1569.906, 1041.57)","(1443.85, 1247.515)",71,True,11
1063,"(1613.101, 1173.801)","(1381.954, 1329.639)",14,True,13
1063,"(1215.792, 1370.593)","(1381.954, 1329.639)",15,True,19
1064,"(971.686, 1304.119)","(1388.684, 1221.312)",7,True,1
1064,"(936.949, 958.487)","(1544.009, 1150.89)",47,True,17
1066,"(1257.913, 840.061)","(1243.153, 841.455)",0,True,9
1066,"(1517.249, 1160.54)","(1390.266, 1195.855)",1,True,6
1067,"(1137.797, 1142.874)","(911.113, 1066.388)",3,True,15
1069,"(1229.897, 1374.172)","(1333.529, 1188.329)",30,True,12
1073,"(1527.126, 1400.017)","(971.3, 1289.388)",34,True,24
1073,"(1331.712, 833.821)","(1542.534, 1326.66)",40,True,5
1073,"(1264.133, 1002.256)","(903.476, 1137.234)",43,True,10
1074,"(1375.835, 830.312)","(969.756, 1230.464)",41,True,6
1074,"(1407.445, 1060.858)","(1428.647, 1392.983)",48,True,10
1075,"(1431.688, 1363.889)","(1347.232, 877.883)",18,True,12
1075,"(1442.33, 1262.062)","(1074.739, 1334.803)",51,True,4
1077,"(876.09, 1171.885)","(1448.161, 1181.961)",27,True,8
1079,"(1236.265, 1301.803)","(1054.868, 1151.255)",52,True,19
1081,"(1054.476, 983.381)","(1390.659, 1180.473)",2,True,10
1081,"(970.142, 1245.195)","(933.258, 973.901)",6,True,19
1081,"(1385.8, 1267.738)","(1363.511, 1015.551)",9,True,18
1083,"(1201.686, 1367.014)","(929.37, 1150.956)",13,True,12
1083,"(1560.698, 1011.562)","(856.838, 1227.234)",22,True,10
1083,"(1228.546, 1271.119)","(1390.266, 1195.855)",31,True,18
1086,"(1108.772, 1134.953)","(1583.718, 1086.581)",11,True,11
1089,"(1080.791, 856.785)","(992.23, 865.147)",26,True,5
1090,"(1560.864, 1287.712)","(1080.791, 856.785)",17,True,9
1092,"(1098.331, 989.026)","(936.949, 958.487)",38,True,18
1093,"(933.258, 973.901)","(1195.848, 1158.715)",23,True,17
1095,"(890.529, 1130.373)","(1517.249, 1160.54)",20,True,15
1096,"(1548.698, 1297.317)","(1618.292, 1187.87)",1,True,5
1098,"(1290.976, 1182.684)","(1080.791, 856.785)",0,True,14
1099,"(1388.684, 1221.312)","(1530.208, 1385.345)",10,True,0
1100,"(1375.835, 830.312)","(1409.385, 1093.215)",5,True,15
1101,"(1169.352, 848.423)","(1460.676, 1008.638)",12,True,18
1102,"(1436.248, 1320.249)","(1390.659, 1180.473)",16,True,9
1104,"(1220.951, 1181.007)","(907.423, 1081.803)",28,True,10
1104,"(957.856, 1298.651)","(949.107, 901.364)",32,True,5
1104,"(1117.055, 1345.54)","(1560.864, 1287.712)",39,True,7
1105,"(890.529, 1130.373)","(1405.505, 1028.501)",42,True,15
1106,"(1131.16, 1349.119)","(1477.108, 1175.013)",8,True,13
1106,"(1411.801, 1392.502)","(1054.476, 983.381)",25,True,13
1106,"(847.212, 1254.908)","(969.37, 1215.733)",45,True,16
1106,"(1257.913, 954.396)","(1483.168, 1266.191)",46,True,11
1113,"(1483.168, 1266.191)","(1392.231, 1118.946)",7,True,2
1113,"(1234.234, 999.973)","(1289.181, 1381.119)",19,True,8
1114,"(1402.476, 1227.863)","(1402.476, 1227.863)",49,True,14
1114,"(1524.377, 909.384)","(1050.722, 1119.112)",53,True,22
1115,"(1597.529, 1131.592)","(1377.185, 1014.475)",26,True,18
1118,"(981.021, 967.822)","(1213.632, 844.242)",50,True,11
1118,"(1434.728, 1334.796)","(1052.795, 1135.184)",54,True,7
1119,"(1405.041, 828.286)","(1361.232, 831.325)",24,True,20
1121,"(1145.265, 1352.698)","(1560.698, 1011.562)",55,True,9
1122,"(1409.385, 1093.215)","(876.09, 1171.885)",10,True,9
1123,"(1583.718, 1086.581)","(1249.936, 1000.357)",44,True,4
1124,"(1390.266, 1195.855)","(1391.445, 1149.71)",1,True,6
1124,"(970.914, 1274.657)","(1198.872, 845.636)",56,True,13
1127,"(1378.108, 1391.54)","(970.142, 1245.195)",37,True,14
1128,"(957.856, 1298.651)","(916.423, 1144.095)",51,True,3
1128,"(1346.472, 832.573)","(1618.292, 1187.87)",58,True,17
1128,"(1513.804, 880.325)","(1404.534, 1012.322)",59,True,18
1129,"(969.37, 1215.733)","(1068.949, 1275.171)",60,True,1
1129,"(1538.621, 1001.687)","(907.423, 1081.803)",61,True,16
1130,"(1402.476, 1227.863)","(1065.234, 1123.073)",62,True,3
1131,"(1378.108, 1391.54)","(1433.208, 1349.342)",63,True,14
1132,"(1545.616, 1311.989)","(1521.148, 1006.815)",30,True,6
1134,"(1110.311, 853.998)","(1380.992, 1345.114)",3,True,8
1135,"(1137.797, 1142.874)","(1117.055, 1345.54)",4,True,9
1135,"(935.212, 1087.592)","(1304.092, 880.814)",14,True,14
1135,"(1445.558, 1009.094)","(1477.108, 1175.013)",48,True,10
1135,"(1496.274, 1272.416)","(1229.897, 1374.172)",65,True,12
1137,"(1388.684, 1221.312)","(1171.423, 998.434)",33,True,13
1137,"(971.3, 1289.388)","(1074.739, 1334.803)",35,True,15
1139,"(1007.406, 1107.292)","(1095.551, 855.392)",7,True,11
1139,"(1409.385, 1093.215)","(1388.684, 1221.312)",15,True,5
1139,"(1492.659, 822.208)","(1404.534, 1012.322)",29,True,17
1141,"(1318.472, 879.837)","(1333.645, 1386.33)",36,True,5
1142,"(1217.029, 1195.378)","(1236.265, 1301.803)",40,True,10
1142,"(1573.031, 1278.106)","(1095.551, 855.392)",43,True,18
1143,"(1375.835, 830.312)","(1545.521, 967.5)",64,True,15
1143,"(1508.518, 865.796)","(1260.952, 883.744)",66,True,22
1143,"(1408.415, 1077.036)","(971.686, 1304.119)",67,True,5
1145,"(1381.954, 1329.639)","(925.877, 1004.73)",16,True,3
1150,"(1390.86, 1013.399)","(1071.844, 1304.987)",1,True,3
1151,"(1585.198, 1268.501)","(1036.51, 860.966)",2,True,6
1152,"(1275.332, 882.767)","(861.651, 1213.396)",13,True,15
1154,"(1460.676, 1008.638)","(1548.698, 1297.317)",27,True,7
1155,"(1513.804, 880.325)","(1117.055, 1345.54)",32,True,14
1155,"(1391.838, 1134.328)","(1434.247, 826.26)",41,True,17
1156,"(1633.864, 1230.079)","(1260.344, 897.874)",51,True,20
1158,"(1408.415, 1077.036)","(1527.126, 1400.017)",9,True,2
1159,"(1428.647, 1392.983)","(1456.956, 1253.741)",31,True,5
1159,"(1404.534, 1012.322)","(885.716, 1144.21)",49,True,5
1160,"(880.903, 1158.047)","(1348.466, 1388.066)",11,True,19
1162,"(944.025, 1293.183)","(916.423, 1144.095)",6,True,9
1163,"(1597.529, 1131.592)","(1542.534, 1326.66)",21,True,10
1163,"(1260.952, 883.744)","(1187.581, 1363.435)",28,True,12
1164,"(1098.331, 989.026)","(916.423, 1144.095)",38,True,4
1164,"(1257.913, 840.061)","(1088.844, 1338.382)",39,True,16
1165,"(1152.31, 1146.834)","(1332.852, 878.86)",44,True,13
1167,"(1257.913, 954.396)","(903.476, 1137.234)",18,True,4
1170,"(1173.476, 1359.856)","(1123.285, 1138.914)",15,True,8
1172,"(847.212, 1254.908)","(1213.632, 844.242)",47,True,19
1173,"(1361.897, 1192.092)","(1542.534, 1326.66)",52,True,8
1173,"(1442.33, 1262.062)","(1275.332, 882.767)",57,True,14
1175,"(1015.851, 1317.269)","(1171.423, 998.434)",45,True,3
1176,"(907.423, 1081.803)","(992.23, 865.147)",23,True,7
1176,"(1021.75, 862.36)","(955.265, 1164.678)",60,True,13
1176,"(1181.335, 1154.754)","(1060.017, 1330.42)",62,True,3
1177,"(1404.534, 1012.322)","(1156.805, 996.552)",46,True,7
1179,"(1483.168, 1266.191)","(1597.529, 1131.592)",22,True,18
1180,"(1363.287, 1389.803)","(1361.232, 831.325)",68,True,9
1182,"(1363.287, 1389.803)","(1069.094, 985.263)",30,True,11
1183,"(1579.114, 1071.577)","(949.686, 917.381)",5,True,7
1183,"(1187.581, 1363.435)","(1405.505, 1028.501)",17,True,18
1184,"(1260.952, 883.744)","(1243.153, 841.455)",40,True,17
1185,"(1443.85, 1247.515)","(1618.292, 1187.87)",8,True,4
1186,"(1530.629, 1155.715)","(1411.801, 1392.502)",19,True,10
1186,"(1220.951, 1181.007)","(1036.283, 1115.172)",24,True,18
1188,"(1187.126, 998.819)","(1074.739, 1334.803)",4,True,17
1190,"(1169.352, 848.423)","(1249.936, 1000.357)",12,True,11
1190,"(1380.992, 1345.114)","(1050.722, 1119.112)",20,True,6
1191,"(1498.989, 1398.007)","(944.025, 1293.183)",31,True,5
1191,"(1347.232, 877.883)","(1388.684, 1221.312)",34,True,20
1192,"(1633.864, 1230.079)","(1252.595, 985.037)",48,True,5
1193,"(1244.718, 1375.908)","(1618.292, 1187.87)",50,True,20
1195,"(1573.031, 1278.106)","(1407.445, 1060.858)",0,True,20
1195,"(1633.864, 1230.079)","(1385.8, 1267.738)",26,True,9
1196,"(1388.684, 1221.312)","(1363.511, 1015.551)",35,True,11
1197,"(1021.844, 1111.232)","(1257.913, 954.396)",54,True,1
1197,"(1407.445, 1060.858)","(1522.486, 1284.867)",63,True,7
1198,"(1509.38, 1278.641)","(1379.069, 1376.065)",9,True,3
1198,"(957.856, 1298.651)","(970.914, 1274.657)",69,True,19
1200,"(1389.475, 1208.584)","(1228.546, 1271.119)",10,True,14
1200,"(1263.812, 1177.261)","(1347.232, 877.883)",25,True,14
1202,"(1390.266, 1195.855)","(1545.521, 967.5)",42,True,4
1202,"(1628.674, 1216.009)","(1154.592, 849.817)",65,True,12
1202,"(1098.331, 989.026)","(1443.85, 1247.515)",70,True,1
1202,"(1588.321, 1101.585)","(1331.712, 833.821)",71,True,8
1203,"(1490.912, 1007.726)","(861.651, 1213.396)",38,True,17
1204,"(1378.108, 1391.54)","(1318.472, 879.837)",55,True,12
1206,"(1621.698, 1239.684)","(1583.718, 1086.581)",7,True,19
1210,"(1550.808, 982.03)","(1318.472, 879.837)",6,True,19
1210,"(1390.266, 1195.855)","(1394.954, 1392.021)",16,True,13
1211,"(1006.99, 863.754)","(1416.267, 1234.414)",27,True,22
1211,"(969.37, 1215.733)","(1264.133, 1002.256)",33,True,12
1214,"(1409.385, 1093.215)","(1545.521, 967.5)",1,True,14
1216,"(1439.289, 1291.155)","(1633.864, 1230.079)",3,True,4
1216,"(992.967, 1103.352)","(1585.198, 1268.501)",21,True,15
1217,"(1545.521, 967.5)","(907.423, 1081.803)",23,True,15
1221,"(1095.551, 855.392)","(1074.739, 1334.803)",8,True,17
1221,"(971.686, 1304.119)","(1477.108, 1175.013)",18,True,5
1221,"(847.212, 1254.908)","(1061.087, 1199.468)",29,True,17
1222,"(949.651, 1091.532)","(1065.234, 1123.073)",14,True,14
1222,"(1071.844, 1304.987)","(1074.739, 1334.803)",36,True,7
1226,"(1391.052, 1165.091)","(1409.385, 1093.215)",15,True,7
1227,"(1588.321, 1101.585)","(1318.472, 879.837)",37,True,21
1227,"(1228.393, 842.849)","(1448.161, 1181.961)",46,True,6
1228,"(1257.913, 840.061)","(1264.133, 1002.256)",49,True,13
1228,"(1548.698, 1297.317)","(1524.377, 909.384)",52,True,1
1229,"(918.495, 1035.559)","(1036.283, 1115.172)",56,True,9
1231,"(1304.092, 880.814)","(1556.094, 996.559)",9,True,15
1232,"(1258.521, 940.265)","(1335.117, 1011.753)",58,True,13
1234,"(1228.393, 842.849)","(1289.712, 881.79)",45,True,6
1236,"(1548.698, 1297.317)","(1440.809, 1276.609)",2,True,21
1237,"(1418.209, 1011.246)","(1621.698, 1239.684)",53,True,12
1239,"(1228.393, 842.849)","(1477.108, 1175.013)",59,True,8
1241,"(890.529, 1130.373)","(916.364, 1282.247)",42,True,18
1241,"(1430.059, 1240.964)","(1508.518, 865.796)",61,True,13
1244,"(1484.921, 1397.002)","(1187.126, 998.819)",12,True,14
1248,"(1540.235, 952.971)","(1074.739, 1334.803)",13,True,21
1250,"(1550.808, 982.03)","(1332.852, 878.86)",19,True,13
1250,"(1529.663, 923.913)","(966.331, 964.71)",20,True,17
1252,"(1490.488, 1170.189)","(1304.002, 1382.856)",3,True,5
1255,"(1430.167, 1378.436)","(944.025, 1293.183)",22,True,10
1257,"(1569.906, 1041.57)","(1633.864, 1230.079)",5,True,16
1258,"(1411.801, 1392.502)","(874.873, 1265.844)",15,True,7
1258,"(902.534, 1276.78)","(1542.534, 1326.66)",24,True,8
1260,"(1074.739, 1334.803)","(1173.476, 1359.856)",26,True,10
1266,"(1565.302, 1026.566)","(1231.171, 1359.698)",10,True,14
1267,"(1383.877, 1298.688)","(969.756, 1230.464)",11,True,3
1267,"(1257.913, 954.396)","(1443.85, 1247.515)",16,True,13
1268,"(1306.724, 1007.954)","(1318.824, 1384.593)",28,True,15
1268,"(1498.989, 1398.007)","(1234.992, 1316.277)",31,True,13
1268,"(1258.926, 854.622)","(971.686, 1304.119)",32,True,21
1275,"(1259.539, 1377.645)","(1171.423, 998.434)",30,True,18
1277,"(1392.231, 1118.946)","(1220.827, 1240.434)",7,True,8
1277,"(1213.108, 1209.75)","(970.528, 1259.926)",14,True,5
1279,"(1361.232, 831.325)","(970.528, 1259.926)",1,True,6
1281,"(1274.36, 1379.382)","(921.317, 1084.697)",17,True,10
1284,"(1445.558, 1009.094)","(929.37, 1150.956)",35,True,2
1285,"(1539.453, 1341.331)","(1585.198, 1268.501)",0,True,9
1289,"(1404.74, 1192.382)","(1051.27, 859.573)",18,True,2
1290,"(1264.133, 1002.256)","(1088.844, 1338.382)",36,True,18
1290,"(1231.171, 1359.698)","(1074.739, 1334.803)",39,True,4
1293,"(1556.094, 996.559)","(1573.031, 1278.106)",4,True,19
1293,"(1411.801, 1392.502)","(1530.208, 1385.345)",25,True,17
1294,"(1216.967, 1225.092)","(1418.209, 1011.246)",33,True,13
1294,"(1402.476, 1227.863)","(1443.85, 1247.515)",34,True,0
1295,"(1213.632, 844.242)","(1224.873, 1166.635)",40,True,1
1299,"(1171.423, 998.434)","(1224.686, 1255.777)",3,True,15
1303,"(1418.209, 1011.246)","(1202.828, 999.203)",6,True,8
1312,"(935.212, 1087.592)","(1408.415, 1077.036)",9,True,17
1315,"(903.476, 1137.234)","(935.212, 1087.592)",2,True,15
1316,"(1404.534, 1012.322)","(1584.149, 1136.417)",21,True,10
1318,"(1384.838, 1283.213)","(1550.808, 982.03)",11,True,13
1322,"(874.873, 1265.844)","(1074.739, 1334.803)",0,True,18
1327,"(1607.911, 1159.731)","(1404.74, 1192.382)",5,True,2
1327,"(1213.108, 1209.75)","(1249.936, 1000.357)",7,True,1
1330,"(1460.676, 1008.638)","(970.142, 1245.195)",8,True,17
1330,"(1184.112, 847.03)","(1404.74, 1192.382)",14,True,15
1331,"(1069.094, 985.263)","(1054.476, 983.381)",15,True,10
1333,"(1184.112, 847.03)","(1237.853, 1170.177)",19,True,4
1335,"(1623.483, 1201.94)","(1347.713, 1190.211)",22,True,19
1340,"(1007.406, 1107.292)","(1243.153, 841.455)",12,True,11
1341,"(1392.231, 1118.946)","(1348.466, 1388.066)",23,True,13
1341,"(1216.967, 1225.092)","(947.949, 869.328)",24,True,11
1342,"(1306.724, 1007.954)","(1333.529, 1188.329)",26,True,15
1346,"(1228.546, 1271.119)","(1437.769, 1305.702)",6,True,15
1347,"(1263.812, 1177.261)","(1052.795, 1135.184)",16,True,5
1351,"(1548.698, 1297.317)","(1390.659, 1180.473)",18,True,21
1353,"(1249.936, 1000.357)","(1171.423, 998.434)",5,True,8
1356,"(1335.117, 1011.753)","(861.651, 1213.396)",17,True,12
1356,"(1380.992, 1345.114)","(901.791, 1097.993)",20,True,17
1357,"(1428.647, 1392.983)","(896.16, 1114.183)",10,True,5
1357,"(1477.108, 1175.013)","(1236.265, 1301.803)",27,True,3
1358,"(1050.722, 1119.112)","(1402.476, 1227.863)",25,True,15
1361,"(1527.126, 1400.017)","(907.423, 1081.803)",1,True,14
1376,"(1083.712, 987.144)","(1224.686, 1255.777)",2,True,7
1380,"(1287.433, 837.565)","(921.317, 1084.697)",4,True,16
1383,"(1318.472, 879.837)","(1169.352, 848.423)",7,True,4
1392,"(1229.897, 1374.172)","(847.212, 1254.908)",5,True,17
1393,"(1142.186, 994.671)","(907.423, 1081.803)",11,True,10
1396,"(1071.844, 1304.987)","(1382.915, 1314.164)",0,True,1
1401,"(944.025, 1293.183)","(1377.185, 1014.475)",3,True,9
1404,"(1381.954, 1329.639)","(1361.232, 831.325)",13,True,8
1405,"(1060.017, 1330.42)","(890.529, 1130.373)",15,True,13
1408,"(1025.094, 977.158)","(1320.92, 1009.853)",9,True,10
1408,"(1392.231, 1118.946)","(1249.936, 1000.357)",16,True,10
1410,"(1258.521, 940.265)","(1252.595, 985.037)",19,True,13
1417,"(1051.27, 859.573)","(1236.265, 1301.803)",7,True,3
1418,"(1159.371, 1356.277)","(861.651, 1213.396)",12,True,21
1419,"(1181.335, 1154.754)","(936.949, 958.487)",14,True,5
1427,"(1274.36, 1379.382)","(1065.234, 1123.073)",6,True,5
1436,"(957.856, 1298.651)","(1184.112, 847.03)",0,True,11
